id,product_name,product_id,quantity,price
1,"Pasta - Penne Primavera, Single",5,19,2486
2,Soup - Campbells Chili Veg,5,29,1779
3,Wine - Chardonnay South,9,37,7575
4,"Juice - Clamato, 341 Ml",4,19,5067
5,"Pasta - Gnocchi, Potato",1,5,3260
6,V8 - Berry Blend,9,22,2467
7,"Vodka - Hot, Lnferno",4,11,9113
8,Island Oasis - Cappucino Mix,3,46,3746
9,Sprouts - Onion,10,30,8723
10,Lettuce - Curly Endive,4,45,8241
11,"Beef - Cooked, Corned",2,42,6511
12,Mahi Mahi,3,38,5262
13,Soup V8 Roasted Red Pepper,2,29,5551
14,"Rosemary - Primerba, Paste",8,45,3686
15,"Beef - Kindney, Whole",3,20,2580
16,"Wine - Red, Colio Cabernet",1,5,1448
17,Meldea Green Tea Liquor,5,4,2115
18,Bread - Raisin Walnut Pull,1,50,5293
19,Muffin Mix - Carrot,7,8,5710
20,Chocolate - Sugar Free Semi Choc,7,9,3592
21,Mudslide,5,38,7456
22,Cookies - Englishbay Wht,1,1,2328
23,Bay Leaf Ground,4,19,9086
24,Pasta - Agnolotti - Butternut,2,4,9384
25,Carbonated Water - Strawberry,9,11,5254
26,Kaffir Lime Leaves,8,23,3811
27,"Bag - Bread, White, Plain",3,5,4229
28,"Schnappes - Peach, Walkers",9,23,5018
29,Pail With Metal Handle 16l White,1,16,3562
30,"Lemonade - Strawberry, 591 Ml",8,11,9563
31,Cilantro / Coriander - Fresh,4,39,7743
32,Wine - Blue Nun Qualitatswein,10,9,9732
33,"Juice - Tomato, 48 Oz",7,20,9541
34,Flower - Carnations,4,5,9205
35,Puree - Pear,1,21,2033
36,Appetizer - Veg Assortment,5,19,7898
37,Appetizer - Shrimp Puff,4,49,9131
38,Pail With Metal Handle 16l White,5,26,8121
39,Juice - Apple Cider,8,11,8904
40,Longos - Lasagna Veg,9,50,6960
41,Snapple - Mango Maddness,8,47,8810
42,Vodka - Moskovskaya,6,40,8965
43,Cheese - Bocconcini,5,2,8374
44,Bread Foccacia Whole,6,6,4833
45,"Bread - Bagels, Mini",7,14,3403
46,Duck - Whole,8,7,2012
47,"Garlic - Primerba, Paste",1,17,1237
48,Guava,10,15,6221
49,Energy Drink Bawls,2,26,2805
50,Cup - 8oz Coffee Perforated,9,3,8055
51,Cheese - Gorgonzola,5,13,9746
52,"Wine - White, Antinore Orvieto",9,8,4150
53,Salmon - Fillets,2,11,2120
54,Jack Daniels,9,39,2319
55,Banana - Leaves,10,48,8843
56,Lemons,10,29,8073
57,Beef - Top Butt,10,37,1990
58,Wine - Rhine Riesling Wolf Blass,6,22,5134
59,Cake - French Pear Tart,4,12,7300
60,Gelatine Leaves - Bulk,6,35,1533
61,Rootbeer,9,42,4461
62,Pepper - Scotch Bonnet,4,48,9538
63,"Lobster - Baby, Boiled",5,50,3775
64,Cheese - Brie Roitelet,1,39,9550
65,Paper Cocktail Umberlla 80 - 180,5,7,9767
66,"Club Soda - Schweppes, 355 Ml",6,7,2101
67,Sage - Ground,6,45,9467
68,Loquat,2,35,4757
69,"Tart Shells - Sweet, 4",6,8,9047
70,Bar Bran Honey Nut,3,44,9376
71,Trout - Smoked,3,20,5476
72,"Pepper - Black, Ground",1,44,9536
73,Cookie Dough - Oatmeal Rasin,8,48,4393
74,"Ice - Clear, 300 Lb For Carving",5,34,6043
75,"Pepper - White, Ground",5,10,6122
76,Mayonnaise,4,46,6786
77,Cattail Hearts,4,23,3574
78,Squid Ink,5,50,4760
79,Milk - 2%,7,7,6700
80,Bar Special K,8,17,3510
81,Wine - Prem Select Charddonany,2,30,6935
82,Cake - Night And Day Choclate,3,30,2725
83,Chicken - Wieners,10,18,6603
84,Vector Energy Bar,9,20,7679
85,Soup - Campbells Bean Medley,10,11,5183
86,"Wine - White, Schroder And Schyl",10,21,7956
87,Skirt - 29 Foot,7,17,6990
88,Beets - Pickled,8,35,2765
89,Container - Clear 32 Oz,8,1,5548
90,Soup V8 Roasted Red Pepper,5,33,3631
91,Tea - Jasmin Green,5,22,1264
92,Wine - Alsace Riesling Reserve,6,43,2636
93,Muffin Carrot - Individual,5,43,8507
94,Oats Large Flake,1,21,1907
95,"Beans - Black Bean, Preserved",2,47,6562
96,Cheese - Pont Couvert,3,35,1436
97,"Pasta - Linguini, Dry",4,9,8923
98,"Crab - Dungeness, Whole",8,26,8386
99,Sauce - Hp,4,48,8105
100,Chips - Doritos,8,11,5640
101,Wild Boar - Tenderloin,4,49,8118
102,Cheese - Brie,7,19,3318
103,Kellogs Cereal In A Cup,3,11,8619
104,"Tea - Darjeeling, Azzura",9,39,9895
105,Cloves - Ground,6,38,9192
106,Coffee Caramel Biscotti,8,4,8162
107,Hold Up Tool Storage Rack,8,39,6288
108,Pear - Packum,2,35,6607
109,Extract - Raspberry,1,14,8701
110,Coriander - Ground,4,3,4334
111,Oil - Cooking Spray,2,7,6565
112,Sugar - Individual Portions,2,41,6919
113,Wine - Riesling Alsace Ac 2001,1,13,7112
114,Water - Aquafina Vitamin,10,16,7499
115,"Pork - Loin, Bone - In",10,21,8348
116,Wine - Wyndham Estate Bin 777,2,42,5399
117,Anchovy Fillets,4,16,9247
118,Sauce - Roasted Red Pepper,1,32,2972
119,Gatorade - Xfactor Berry,3,31,7830
120,The Pop Shoppe - Lime Rickey,10,43,2991
121,Peach - Halves,4,25,2153
122,Garlic - Elephant,7,41,6957
123,Wine - Redchard Merritt,2,26,3500
124,Eel Fresh,1,14,8622
125,Soup - Campbellschix Stew,4,25,9217
126,Flavouring - Rum,7,50,3041
127,Cleaner - Comet,4,31,8034
128,Sausage - Blood Pudding,2,22,8760
129,Energy Drink Bawls,8,16,9807
130,Remy Red Berry Infusion,9,14,2286
131,Southern Comfort,10,46,3066
132,Seabream Whole Farmed,8,19,1306
133,Pastry - Mini French Pastries,6,18,7461
134,Lambcasing,1,35,8500
135,"Sauce - White, Mix",3,40,5350
136,Langers - Cranberry Cocktail,10,3,6901
137,"Basil - Dry, Rubbed",8,38,6007
138,Lettuce - Boston Bib,5,4,9947
139,Ice Cream - Turtles Stick Bar,4,18,7660
140,Rabbit - Saddles,5,4,2113
141,Tea - Apple Green Tea,8,37,9951
142,Bay Leaf Fresh,7,8,4334
143,Bread Fig And Almond,9,22,7242
144,Potatoes - Idaho 80 Count,2,6,2667
145,Muffin Mix - Banana Nut,9,6,7459
146,Beans - Kidney White,1,45,2992
147,"Pepper - Red, Finger Hot",7,41,4933
148,Beer - Sleeman Fine Porter,7,35,5704
149,Pomello,10,34,3790
150,Wiberg Super Cure,7,35,1333
151,Eel Fresh,6,28,5589
152,"Juice - Cranberry, 341 Ml",4,42,3025
153,"Veal - Round, Eye Of",10,25,4713
154,Sauce Tomato Pouch,6,25,4896
155,Hinge W Undercut,8,7,5449
156,"Pasta - Cannelloni, Sheets, Fresh",6,29,6427
157,Shrimp - 31/40,6,33,4306
158,Cake - Miini Cheesecake Cherry,8,8,5144
159,"Crab - Dungeness, Whole, live",9,10,4851
160,Sauce - Cranberry,5,24,1799
161,Puree - Mango,1,12,4301
162,Kirsch - Schloss,7,8,2146
163,Dish Towel,4,38,1015
164,Loquat,1,47,8817
165,Cheese - Parmigiano Reggiano,10,41,3761
166,Table Cloth 81x81 White,1,31,4280
167,Puree - Strawberry,3,12,1854
168,Squid Ink,2,3,3689
169,Steamers White,4,8,5216
170,"Salmon - Atlantic, Skin On",2,28,6495
171,"Veal - Tenderloin, Untrimmed",9,29,3111
172,Cabbage - Nappa,2,19,4550
173,Beans - Fava Fresh,10,17,4943
174,Fenngreek Seed,3,14,2251
175,Sobe - Lizard Fuel,9,30,9882
176,Wine - Alicanca Vinho Verde,1,48,9660
177,Sprouts - Bean,1,28,1368
178,Orange - Tangerine,5,12,5477
179,Sesame Seed Black,7,17,9772
180,Bread - Italian Corn Meal Poly,7,44,3688
181,"Quail - Eggs, Fresh",4,46,3048
182,Oil - Margarine,6,48,7086
183,Pepper - Cubanelle,7,30,3322
184,Sausage - Chorizo,1,48,6029
185,Salt And Pepper Mix - White,2,28,4664
186,Sausage - Andouille,3,28,8175
187,Chips - Doritos,6,50,8815
188,"Lamb - Shoulder, Boneless",9,23,9093
189,"Cheese - Boursin, Garlic / Herbs",10,34,6491
190,Cabbage - Red,10,20,7468
191,"Bread - Roll, Soft White Round",1,5,9182
192,Flour - Strong Pizza,3,17,7587
193,Melon - Watermelon Yellow,1,35,6011
194,Cornish Hen,3,18,3348
195,Sauce - Roasted Red Pepper,9,30,6173
196,Pepper - Red Chili,10,19,1710
197,Appetizer - Smoked Salmon / Dill,4,39,2566
198,Scallops - 20/30,9,12,1769
199,"Sauce - Bernaise, Mix",4,23,6808
200,Garam Masala Powder,4,14,3394
201,Beer - Corona,1,47,2944
202,Galliano,10,15,9622
203,"Chicken - Breast, 5 - 7 Oz",10,46,7747
204,Broom And Broom Rack White,4,28,3614
205,Tomatoes - Heirloom,8,43,6132
206,Bread - English Muffin,2,22,8733
207,Pastry - Cheese Baked Scones,9,34,2290
208,Butter - Pod,1,30,4166
209,Longos - Greek Salad,7,8,2841
210,"Sauce - Soya, Dark",4,37,7575
211,Cake - Miini Cheesecake Cherry,6,33,8116
212,"Soda Water - Club Soda, 355 Ml",9,38,1347
213,Wine - Casillero Del Diablo,4,25,6169
214,Wine - Two Oceans Cabernet,10,17,7193
215,Truffle Paste,9,8,6087
216,Roe - Flying Fish,1,19,1500
217,"Cheese - Mozzarella, Shredded",4,29,3847
218,Mustard - Pommery,2,34,9153
219,Foil - 4oz Custard Cup,10,47,5608
220,"Pepsi - Diet, 355 Ml",2,9,8104
221,Beef - Tender Tips,5,18,5177
222,"Pork - Ham, Virginia",5,45,9567
223,Table Cloth 54x72 Colour,5,37,1796
224,"Soup - Canadian Pea, Dry Mix",4,44,6831
225,Neckerchief Blck,7,38,9607
226,Cheese - La Sauvagine,9,29,6819
227,Cheese - Taleggio D.o.p.,7,42,3762
228,Transfer Sheets,4,36,2832
229,Orange - Blood,3,45,7815
230,Oven Mitts - 15 Inch,6,9,8354
231,Corn Syrup,9,21,8588
232,Milk 2% 500 Ml,1,28,4280
233,"Soup - Campbells, Lentil",10,27,4696
234,Carbonated Water - Raspberry,2,6,9999
235,Wine - Zinfandel Rosenblum,6,39,8176
236,Eggwhite Frozen,5,10,5029
237,Beer - Mcauslan Apricot,7,45,6092
238,Grapefruit - Pink,2,19,4346
239,"Mushroom - Shitake, Dry",7,44,4740
240,Lettuce - Boston Bib - Organic,6,46,4735
241,Bonito Flakes - Toku Katsuo,6,39,7675
242,Veal Inside - Provimi,1,50,8801
243,Tuna - Loin,9,43,9547
244,Pears - Anjou,3,35,7489
245,Foam Espresso Cup Plain White,3,1,8875
246,Vinegar - Rice,1,48,9363
247,Quiche Assorted,5,8,6399
248,Cake - Mini Potato Pancake,8,3,7857
249,Fruit Mix - Light,4,25,4451
250,Urban Zen Drinks,5,21,8586
251,Wine - Casillero Deldiablo,6,39,2236
252,"Nut - Pistachio, Shelled",10,31,2790
253,Sobe - Green Tea,3,2,2953
254,Chocolate - Feathers,2,38,1643
255,Nacho Chips,2,25,6388
256,Glaze - Clear,2,6,8117
257,Macaroons - Two Bite Choc,3,44,7258
258,Potatoes - Idaho 100 Count,2,28,7831
259,"Yogurt - Blueberry, 175 Gr",8,43,8647
260,Dasheen,9,8,1488
261,Dasheen,8,46,1280
262,Yukon Jack,3,18,3448
263,"Mushroom - Shitake, Fresh",6,28,9057
264,"Lemonade - Island Tea, 591 Ml",9,25,4373
265,Turkey Tenderloin Frozen,8,39,2900
266,Tea - Green,2,27,6647
267,"Wine - Red, Pinot Noir, Chateau",9,9,2036
268,"Noodles - Cellophane, Thin",1,11,6731
269,Papayas,2,9,1275
270,"Napkin - Dinner, White",4,43,4335
271,"Sugar - Brown, Individual",5,28,4809
272,Coffee - Ristretto Coffee Capsule,9,29,2310
273,Yeast Dry - Fleischman,2,43,5017
274,Red Currant Jelly,3,14,6821
275,Veal - Osso Bucco,9,36,6459
276,Snapple - Iced Tea Peach,9,12,8223
277,Relish,1,11,2429
278,Russian Prince,6,7,3307
279,Long Island Ice Tea,9,44,6779
280,"Salmon - Atlantic, Fresh, Whole",1,8,3026
281,Juice - Orange,8,19,5180
282,"Pork - Loin, Boneless",4,44,6949
283,"Nut - Almond, Blanched, Sliced",10,50,2458
284,Rice - Sushi,3,21,1461
285,"Wine - Magnotta, White",4,18,4432
286,Pear - Packum,8,47,2805
287,Milk - Homo,1,7,8950
288,Skirt - 24 Foot,7,6,1004
289,Bacardi Breezer - Strawberry,4,50,7974
290,"Syrup - Monin, Swiss Choclate",6,44,7925
291,Sugar - Palm,2,11,3012
292,Pastry - Key Limepoppy Seed Tea,3,47,7114
293,Sauce - Sesame Thai Dressing,4,38,7298
294,Wiberg Super Cure,10,24,2085
295,Pears - Bartlett,1,11,3016
296,Veal - Insides Provini,9,30,8928
297,Oil - Grapeseed Oil,6,44,3190
298,Vodka - Moskovskaya,1,49,2423
299,Sauce - Fish 25 Ozf Bottle,3,20,5736
300,"Stock - Veal, White",5,43,4884
301,Wine - Prosecco Valdobienne,3,7,1669
302,"Gin - Gilbeys London, Dry",5,6,7798
303,Carbonated Water - Blackcherry,4,29,7673
304,"Wine - Red, Marechal Foch",8,4,7789
305,"Clams - Littleneck, Whole",3,46,9778
306,Potatoes - Idaho 80 Count,3,27,7904
307,Coconut Milk - Unsweetened,9,5,3918
308,"Pepsi - Diet, 355 Ml",7,15,6917
309,Bandage - Flexible Neon,1,2,8437
310,Ginger - Fresh,6,42,2257
311,Pasta - Canelloni,4,21,2983
312,Spice - Greek 1 Step,2,50,2886
313,Lettuce - Curly Endive,4,28,9936
314,Cups 10oz Trans,7,40,6876
315,Wine - Merlot Vina Carmen,10,34,9010
316,Cookie Dough - Peanut Butter,6,27,6554
317,"Lemonade - Kiwi, 591 Ml",3,46,3299
318,Carbonated Water - Lemon Lime,7,41,8779
319,Sauce - Vodka Blush,1,6,7361
320,Wine - Riesling Alsace Ac 2001,8,9,2315
321,Cookies - Assorted,8,28,1519
322,Bagelers - Cinn / Brown,6,37,9224
323,Alize Gold Passion,8,38,5414
324,"Wine - White, French Cross",3,37,9707
325,Chips - Potato Jalapeno,4,46,2817
326,Sesame Seed,5,1,6522
327,"Doilies - 8, Paper",9,32,6942
328,"Crab - Claws, Snow 16 - 24",1,3,5056
329,Veal - Insides Provini,5,19,5412
330,Brandy - Bar,2,13,8396
331,"Nut - Cashews, Whole, Raw",9,2,6003
332,Wine - Carmenere Casillero Del,9,24,9140
333,"Star Anise, Whole",8,27,9643
334,Spice - Montreal Steak Spice,2,1,3246
335,Lamb - Sausage Casings,6,22,7844
336,Muffin - Mix - Bran And Maple 15l,9,25,2138
337,Zucchini - Green,5,41,6963
338,Oil - Coconut,1,15,7750
339,"Soup - Campbells, Lentil",2,40,4982
340,Napkin White,10,25,9211
341,Bread - Kimel Stick Poly,9,12,3586
342,Butter Balls Salted,3,41,6012
343,Flour - All Purpose,1,23,6538
344,Beef - Tenderloin - Aa,3,26,2040
345,Mortadella,4,5,6877
346,Sugar - Cubes,8,45,1918
347,"Shrimp, Dried, Small / Lb",10,7,6857
348,Jagermeister,5,37,8863
349,"Capon - Breast, Wing On",10,33,8676
350,Bread - Ciabatta Buns,9,15,2579
351,Sauce - Balsamic Viniagrette,4,4,3456
352,Nutmeg - Ground,7,45,4026
353,"Sauce - Gravy, Au Jus, Mix",7,5,5583
354,Cheese - Comte,6,2,2743
355,Tea Leaves - Oolong,5,39,7811
356,Piping - Bags Quizna,7,29,8770
357,Beer - Camerons Auburn,10,38,6223
358,Easy Off Oven Cleaner,3,13,3756
359,Drambuie,1,5,1848
360,"Chicken - Base, Ultimate",5,26,4837
361,"Pasta - Detalini, White, Fresh",8,31,7416
362,Ice Cream - Super Sandwich,4,46,4132
363,"Doilies - 8, Paper",1,36,7998
364,Dates,9,32,4188
365,"Chocolate - Milk, Callets",7,48,9087
366,"Soup - Knorr, Chicken Noodle",2,3,1121
367,Appetizer - Chicken Satay,6,18,2979
368,"Potatoes - Yukon Gold, 80 Ct",3,13,6666
369,Pastry - Chocolate Marble Tea,6,15,4571
370,"Mushroom - Trumpet, Dry",5,27,8848
371,Beer - Moosehead,2,9,1606
372,Lemon Grass,5,28,6160
373,"Napkin - Cocktail,beige 2 - Ply",2,10,2861
374,Steel Wool S.o.s,4,29,9072
375,Avocado,7,27,1592
376,Beef - Tenderloin Tails,10,50,9959
377,Squash - Pepper,3,44,9763
378,Pickerel - Fillets,8,43,6831
379,Bay Leaf,7,12,8921
380,Flour - Semolina,2,21,9076
381,Lettuce - Romaine,10,22,2239
382,Cranberries - Frozen,6,1,5437
383,Wine - Sauvignon Blanc,7,39,6928
384,Langers - Cranberry Cocktail,4,32,1948
385,Muskox - French Rack,1,13,1572
386,"Beef - Rib Roast, Capless",8,20,5556
387,Puff Pastry - Sheets,8,49,9806
388,Container - Hngd Cll Blk 7x7x3,2,2,6467
389,Water - Evian 355 Ml,5,5,4227
390,Sobe - Liz Blizz,1,34,3996
391,"Soda Water - Club Soda, 355 Ml",8,13,5045
392,Chocolate - Semi Sweet,10,6,2226
393,Lettuce - Iceberg,6,29,3194
394,Miso - Soy Bean Paste,9,18,6607
395,Longos - Lasagna Veg,8,30,7891
396,"Lamb - Whole, Fresh",2,14,2422
397,Wine La Vielle Ferme Cote Du,2,12,2768
398,Muffin Mix - Raisin Bran,10,28,3556
399,Island Oasis - Sweet And Sour Mix,5,23,7678
400,Water Chestnut - Canned,10,8,1470
401,Salmon - Fillets,8,12,8163
402,"Pepper - Black, Crushed",8,7,2452
403,Table Cloth 81x81 White,10,48,7591
404,Wine - Semi Dry Riesling Vineland,10,10,9818
405,Shrimp - Tiger 21/25,9,35,5166
406,Bread - 10 Grain,4,29,7999
407,Cheese - Marble,9,7,9026
408,Bread - Italian Corn Meal Poly,2,43,5659
409,Ecolab - Hobart Upr Prewash Arm,4,10,2469
410,"Juice - Apple, 500 Ml",6,5,5688
411,Hersey Shakes,2,16,4511
412,"Pineapple - Canned, Rings",2,26,7887
413,Oneshot Automatic Soap System,1,8,9742
414,Frangelico,6,48,4478
415,Oil - Safflower,7,24,1564
416,"Wine - Red, Metus Rose",8,28,3113
417,Orange - Tangerine,1,21,1497
418,Wine - Carmenere Casillero Del,4,3,6020
419,Rice - Sushi,6,41,2464
420,Oil - Olive Bertolli,4,50,8987
421,"Soup - Cream Of Broccoli, Dry",5,36,2064
422,Flour - Cake,5,14,3211
423,Fondant - Icing,10,15,4796
424,Shrimp - Black Tiger 26/30,10,33,6019
425,Macaroons - Two Bite Choc,7,46,2763
426,Wine - Gato Negro Cabernet,10,45,2299
427,"Cheese - Mozzarella, Buffalo",5,20,1240
428,Worcestershire Sauce,9,19,2628
429,Clementine,9,11,3156
430,Cilantro / Coriander - Fresh,8,47,4010
431,Napkin White,9,34,6634
432,Mini - Vol Au Vents,6,47,9824
433,Curry Powder,8,25,3936
434,Pie Filling - Pumpkin,6,38,2706
435,Sauce - Hollandaise,9,34,7454
436,Creamers - 10%,2,35,9092
437,Flavouring - Orange,6,37,9856
438,Sterno - Chafing Dish Fuel,2,41,7223
439,Table Cloth 53x69 White,4,3,1003
440,"Juice - Apple, 1.36l",1,35,2611
441,Chicken - Livers,10,37,9634
442,Steel Wool S.o.s,4,5,8126
443,Wild Boar - Tenderloin,3,36,9612
444,"Pork - Tenderloin, Frozen",1,43,4937
445,Cake - Night And Day Choclate,8,27,1557
446,"Vermouth - Sweet, Cinzano",4,28,5256
447,"Juice - Clam, 46 Oz",10,9,3726
448,"Chicken - Wings, Tip Off",2,21,1212
449,"Bread - Bagels, Mini",9,49,7099
450,"7up Diet, 355 Ml",5,48,4251
451,"Pork - Loin, Center Cut",7,17,1283
452,Wine - Barbera Alba Doc 2001,10,34,9169
453,"Salsify, Organic",6,28,2036
454,Muffin Mix - Blueberry,8,43,5211
455,Wine - Chablis 2003 Champs,4,23,1414
456,Grenadine,7,30,5775
457,Tea - Apple Green Tea,9,12,4186
458,Wine - Magnotta - Pinot Gris Sr,6,49,3048
459,Bag - Clear 7 Lb,7,19,7231
460,"Wine - White, Antinore Orvieto",6,14,4161
461,"Turkey - Breast, Bone - In",4,48,8288
462,Muffin Puck Ww Carrot,6,41,8330
463,Lettuce - Frisee,5,35,4690
464,Cake - Bande Of Fruit,4,27,7884
465,Truffle - Peelings,4,20,7365
466,"Mushroom - Chanterelle, Dry",2,50,3878
467,Wine - Prosecco Valdobienne,10,40,3931
468,Dehydrated Kelp Kombo,2,12,9754
469,Squid - U - 10 Thailand,8,24,4021
470,Godiva White Chocolate,5,18,9677
471,Tomato Paste,6,3,4950
472,Cardamon Seed / Pod,8,9,6069
473,Lamb Rack Frenched Australian,8,12,6452
474,Wine - Tribal Sauvignon,1,41,1610
475,Glycerine,4,5,6729
476,"Pasta - Penne, Lisce, Dry",3,38,1327
477,Wasabi Paste,1,9,4527
478,Bouq All Italian - Primerba,7,26,5865
479,Cactus Pads,5,13,9602
480,Veal - Slab Bacon,9,50,7845
481,Calypso - Strawberry Lemonade,4,42,3856
482,Urban Zen Drinks,9,43,2699
483,Beans - Butter Lrg Lima,7,22,2225
484,Toothpick Frilled,3,21,1110
485,Wine - Magnotta - Belpaese,6,32,8793
486,Chocolate - Dark Callets,1,30,7544
487,Southern Comfort,7,31,2501
488,Bagel - Everything,1,26,5264
489,"Sauce - Black Current, Dry Mix",1,30,6398
490,Food Colouring - Red,2,18,8077
491,Ecolab Crystal Fusion,2,49,6094
492,Mousse - Banana Chocolate,7,48,3991
493,Milk - Chocolate 500ml,9,25,6107
494,Pepper - Jalapeno,2,7,7486
495,Leeks - Large,5,12,1236
496,Soup - Campbells Beef Strogonoff,4,42,3366
497,Pepperoni Slices,6,10,1739
498,Tea - Lemon Scented,10,46,3304
499,Cheese Cheddar Processed,2,13,4649
500,"Flour - Buckwheat, Dark",4,4,7916
501,Crab - Imitation Flakes,8,18,6677
502,Cheese - Valancey,4,21,8373
503,"Pepper - Chillies, Crushed",8,30,6395
504,Pur Source,7,24,8682
505,Table Cloth 144x90 White,2,26,8296
506,Chivas Regal - 12 Year Old,10,2,2440
507,Pernod,1,13,9814
508,Oil - Canola,9,39,3567
509,Chickensplit Half,5,17,5309
510,Waffle Stix,1,5,1494
511,Wine - Riesling Alsace Ac 2001,10,26,4695
512,Milk - Chocolate 500ml,6,3,8934
513,Cheese - Brick With Pepper,6,23,9640
514,"Salsify, Organic",6,35,4533
515,Melon - Watermelon Yellow,5,48,3454
516,Sugar Thermometer,9,27,7531
517,Pimento - Canned,10,20,9072
518,Bread - Rosemary Focaccia,8,13,4068
519,Bols Melon Liqueur,8,12,6130
520,Cookie - Oreo 100x2,3,8,4019
521,Veal - Insides Provini,7,20,6219
522,Puree - Passion Fruit,2,30,1241
523,Beer - Upper Canada Light,1,48,4432
524,Cardamon Seed / Pod,9,11,1701
525,Soup Campbells Split Pea And Ham,10,45,6954
526,Ocean Spray - Ruby Red,1,3,4764
527,"Tomatoes - Diced, Canned",2,36,1147
528,Flower - Leather Leaf Fern,5,48,7776
529,Cheese - Goat,9,14,9490
530,Eggplant Oriental,9,28,8992
531,"Sole - Dover, Whole, Fresh",9,10,3268
532,Mushroom - King Eryingii,2,11,3297
533,"Salt - Rock, Course",7,27,8524
534,Kiwi,5,8,7944
535,Chocolate - White,3,20,2447
536,Oil - Olive Bertolli,9,35,4026
537,Venison - Striploin,3,3,6223
538,Steampan - Half Size Shallow,8,1,2789
539,Wood Chips - Regular,9,27,5114
540,Bread - Dark Rye,9,9,2724
541,Pectin,3,4,6008
542,Muffin Batt - Ban Dream Zero,3,40,4895
543,Salami - Genova,9,12,1865
544,Banana - Green,6,41,1303
545,Passion Fruit,4,33,1231
546,Rice - Sushi,9,14,9402
547,"Wine - Saint - Bris 2002, Sauv",3,36,8146
548,Venison - Ground,1,24,8394
549,Ice Cream - Chocolate,3,48,7365
550,"Carrots - Mini, Stem On",6,4,6751
551,Wine - Vovray Sec Domaine Huet,6,6,1115
552,Allspice - Jamaican,2,22,3736
553,Capicola - Hot,7,23,4295
554,Shortbread - Cookie Crumbs,8,33,7648
555,Sauce - Plum,8,34,6173
556,Bread - White Epi Baguette,3,26,6903
557,Towel Multifold,2,32,5412
558,Napkin Colour,8,43,3784
559,Sorrel - Fresh,7,27,7195
560,Longos - Penne With Pesto,7,8,8186
561,Chambord Royal,7,21,4835
562,Beans - Fine,10,48,4761
563,Appetizer - Assorted Box,2,10,4157
564,Scotch - Queen Anne,7,37,2508
565,Wood Chips - Regular,7,46,2867
566,"Octopus - Baby, Cleaned",1,8,2807
567,Squash - Pepper,5,24,3509
568,Macaroons - Two Bite Choc,2,14,4594
569,"Lettuce - Mini Greens, Whole",10,6,7686
570,"Ranchero - Primerba, Paste",10,17,7778
571,Ice Cream - Vanilla,7,42,6313
572,"Tarragon - Primerba, Paste",3,12,9409
573,Veal - Insides Provini,1,50,9387
574,Daikon Radish,6,6,1438
575,Pate - Liver,4,26,8997
576,Juice - Propel Sport,3,29,1702
577,Squid U5 - Thailand,3,22,4838
578,Onion Powder,1,4,5905
579,Sugar - Brown,4,44,4904
580,Coffee - Hazelnut Cream,5,47,8863
581,"Nut - Hazelnut, Ground, Natural",10,3,6937
582,Wanton Wrap,8,4,7379
583,"Nut - Pine Nuts, Whole",2,40,3993
584,Beef - Tenderloin Tails,3,3,2392
585,"Quail - Eggs, Fresh",9,31,8444
586,Absolut Citron,2,44,6078
587,"Soup - French Onion, Dry",10,4,8901
588,"Lid - High Heat, Super Clear",2,14,7436
589,"Juice - Tomato, 10 Oz",6,9,3064
590,"Veal - Round, Eye Of",3,37,6423
591,Tea - Camomele,7,38,3494
592,"Doilies - 12, Paper",9,8,6196
593,Egg - Salad Premix,2,46,4995
594,Syrup - Pancake,4,29,9263
595,Cookies - Amaretto,9,43,1410
596,Sardines,8,34,9329
597,Ham - Cooked,5,18,2205
598,Bread Fig And Almond,2,43,2989
599,Wakami Seaweed,5,32,1131
600,Horseradish - Prepared,8,11,2631
601,"Pork - Chop, Frenched",9,23,9782
602,Beans - Yellow,7,50,9278
603,Longos - Lasagna Veg,6,27,9953
604,Pineapple - Regular,4,5,3380
605,Kolrabi,1,42,7249
606,Tea - Green,4,38,1113
607,Wine - Barolo Fontanafredda,8,17,4800
608,Spice - Paprika,1,46,3087
609,Island Oasis - Lemonade,10,29,3883
610,Horseradish - Prepared,2,34,4955
611,Oven Mitts - 15 Inch,4,24,2906
612,Beer - Moosehead,2,35,8865
613,Jello - Assorted,8,19,4465
614,Carbonated Water - Blackcherry,5,44,7994
615,Chocolate - Semi Sweet,4,40,7371
616,Bouq All Italian - Primerba,7,10,2202
617,Pineapple - Regular,3,41,2988
618,Ecolab - Ster Bac,9,34,3719
619,Pepper - Gypsy Pepper,3,8,5337
620,Spinach - Packaged,3,35,6231
621,Syrup - Chocolate,1,25,1369
622,Green Scrubbie Pad H.duty,5,30,4115
623,"Bread - Multigrain, Loaf",6,30,5210
624,Lobster - Tail 6 Oz,8,8,3055
625,Soup - Cream Of Potato / Leek,2,40,8346
626,"Beans - Black Bean, Canned",3,23,6597
627,Thermometer Digital,9,12,5842
628,Island Oasis - Raspberry,2,29,8761
629,Oil - Canola,7,36,1497
630,"Veal - Round, Eye Of",10,16,7285
631,Puree - Mango,8,29,8494
632,Island Oasis - Wildberry,10,43,5752
633,"Pepper - Paprika, Spanish",6,42,8689
634,Melon - Honey Dew,5,42,5302
635,"Juice - Tomato, 48 Oz",7,33,2890
636,Soup - Campbells Chili Veg,5,36,8129
637,Five Alive Citrus,5,25,2175
638,Cheese - Marble,2,37,4402
639,Pate - Cognac,2,8,3899
640,Muffin Mix - Carrot,6,36,3317
641,Garlic,1,19,6327
642,Jolt Cola - Electric Blue,10,43,4129
643,Yukon Jack,6,2,4363
644,Chocolate Bar - Oh Henry,4,38,2235
645,Energy Drink - Franks Original,1,8,6542
646,"Soup - French Onion, Dry",8,33,8786
647,Easy Off Oven Cleaner,3,1,2984
648,Pork - Smoked Kassler,8,9,6638
649,Sausage - Andouille,2,29,2425
650,Cheese - Swiss Sliced,3,47,9065
651,Wine - Chianti Classica Docg,6,21,8172
652,Bay Leaf Fresh,10,17,5223
653,Veal - Heart,3,13,8006
654,"Soup - Knorr, Classic Can. Chili",1,16,8667
655,Table Cloth 54x72 White,5,29,8258
656,Rice - Aborio,10,50,1193
657,Snapple - Iced Tea Peach,7,43,3308
658,Juice - Lemon,9,41,8054
659,Bread - Bistro White,7,22,2785
660,Sterno - Chafing Dish Fuel,9,3,3663
661,Island Oasis - Ice Cream Mix,6,37,9491
662,Sauce - Alfredo,8,28,1749
663,Tea - Honey Green Tea,10,30,5895
664,"Sugar - Brown, Individual",1,12,8316
665,Table Cloth 72x144 White,10,36,4787
666,Carbonated Water - White Grape,3,8,3280
667,Horseradish - Prepared,2,42,9958
668,Ham - Proscuitto,8,14,8672
669,"Tortillas - Flour, 8",7,46,6119
670,Lid Tray - 12in Dome,7,30,4538
671,Jicama,3,7,9955
672,Salmon Atl.whole 8 - 10 Lb,3,3,5611
673,Coffee - Decafenated,4,19,3500
674,Cheese - Stilton,7,12,6702
675,Muffin - Banana Nut Individual,6,31,4434
676,Milk - Chocolate 500ml,5,41,4655
677,Eel Fresh,10,22,1115
678,"Shrimp - 16/20, Iqf, Shell On",10,29,6999
679,Goulash Seasoning,8,26,3941
680,Bread - 10 Grain Parisian,1,35,2163
681,Milk Powder,2,34,2977
682,Dasheen,5,41,5677
683,Miso Paste White,7,35,8725
684,"Oil - Truffle, Black",6,37,9514
685,Fennel - Seeds,2,26,9839
686,Cheese - Grana Padano,4,49,9456
687,Lettuce - California Mix,10,47,6333
688,Ice Cream - Chocolate,1,8,5737
689,"Tomatoes - Cherry, Yellow",2,11,7604
690,Vinegar - Raspberry,7,29,9360
691,Towels - Paper / Kraft,10,20,4992
692,Tea - Orange Pekoe,7,38,4539
693,Fond - Neutral,7,42,3107
694,Whmis - Spray Bottle Trigger,7,19,4335
695,Catfish - Fillets,10,45,7957
696,Salt And Pepper Mix - Black,7,10,6361
697,Appetizer - Veg Assortment,2,43,2517
698,Eel - Smoked,2,26,9604
699,Crush - Cream Soda,9,47,3208
700,"Fish - Base, Bouillion",10,32,7455
701,Sandwich Wrap,7,22,2681
702,"Nut - Pistachio, Shelled",7,17,8300
703,Arrowroot,5,36,5251
704,Chocolate - Milk,9,33,2890
705,Wine La Vielle Ferme Cote Du,7,22,4693
706,Onions - Cooking,7,32,1118
707,"Cheese - Cheddar, Old White",6,22,5492
708,Contreau,6,28,3878
709,Syrup - Monin - Blue Curacao,4,12,4356
710,Extract - Lemon,3,44,9547
711,"Dill - Primerba, Paste",4,5,6368
712,Ice Cream Bar - Hagen Daz,6,37,4603
713,Sprite - 355 Ml,3,20,8268
714,Turnip - Wax,1,28,9912
715,Monkfish - Fresh,1,6,5058
716,Spice - Peppercorn Melange,1,9,3940
717,Beef - Prime Rib Aaa,9,39,7405
718,Nougat - Paste / Cream,7,44,2528
719,Plate Foam Laminated 9in Blk,5,23,5254
720,"Beef - Tongue, Cooked",6,28,9473
721,Salt And Pepper Mix - White,5,36,1815
722,"Tomatoes - Vine Ripe, Yellow",3,26,1809
723,Coffee - Dark Roast,10,19,7962
724,Bread - Bistro White,3,15,3182
725,Squid - Breaded,5,10,6111
726,Wine - Blue Nun Qualitatswein,7,12,3658
727,Arizona - Green Tea,10,15,5721
728,Pea - Snow,10,38,8120
729,Ginger - Crystalized,4,39,4862
730,Fruit Mix - Light,2,43,1808
731,Cup - Translucent 7 Oz Clear,2,17,6662
732,Flower - Potmums,2,3,2160
733,Scrubbie - Scotchbrite Hand Pad,6,27,8638
734,"Pork - Back, Short Cut, Boneless",5,27,4235
735,Cheese - Marble,10,13,3749
736,Muffin - Mix - Bran And Maple 15l,10,2,3950
737,Steampan - Lid For Half Size,7,41,9126
738,Jam - Apricot,8,7,2073
739,Tea - Herbal Sweet Dreams,10,3,1293
740,"Yogurt - Blueberry, 175 Gr",9,23,5646
741,Cheese - Gorgonzola,1,15,1060
742,Sugar - Icing,7,43,2746
743,Beef Cheek Fresh,8,28,5466
744,Cookie Dough - Chocolate Chip,7,37,1016
745,Sobe - Green Tea,8,13,2690
746,"Pork - Loin, Boneless",5,24,7861
747,"Pasta - Tortellini, Fresh",3,35,5072
748,Wine - Magnotta - Bel Paese White,10,3,2692
749,Walkers Special Old Whiskey,10,48,9278
750,Truffle Cups Green,4,30,9757
751,Soup - Base Broth Beef,8,14,8000
752,Urban Zen Drinks,1,21,6794
753,"Chilli Paste, Ginger Garlic",2,33,5873
754,"Sugar - Sweet N Low, Individual",9,41,8690
755,Sea Bass - Whole,2,17,9553
756,Wine - Rosso Toscano Igt,4,37,2630
757,Soup - French Can Pea,5,33,3308
758,Sponge Cake Mix - Chocolate,2,48,1674
759,Icecream - Dstk Cml And Fdg,4,42,8378
760,Alize Gold Passion,2,16,7760
761,Samosa - Veg,6,23,2971
762,Eggplant Oriental,1,25,4748
763,Cake - Dulce De Leche,1,48,4069
764,Sole - Iqf,4,36,6914
765,Cups 10oz Trans,3,42,4862
766,"Zucchini - Mini, Green",8,29,7961
767,Coffee - Almond Amaretto,8,10,4092
768,"Stock - Veal, Brown",5,32,9306
769,Wine - Chateau Timberlay,10,48,9178
770,Pie Pecan,2,35,8360
771,"Pork - Tenderloin, Fresh",2,12,4054
772,Beans - Kidney White,7,29,5026
773,Beef Striploin Aaa,9,5,4457
774,Sherbet - Raspberry,6,31,7670
775,"Chicken - Thigh, Bone In",7,10,6022
776,Chips Potato Swt Chilli Sour,6,48,6145
777,Kellogs Raisan Bran Bars,9,50,7215
778,Cheese - Comtomme,10,9,8759
779,V8 Pet,7,18,3976
780,Cheese - Marble,6,2,8058
781,Pepper - Red Bell,9,9,1772
782,Pomello,4,35,6417
783,"Mop Head - Cotton, 24 Oz",9,11,4701
784,Roe - Flying Fish,5,38,3736
785,Mustard Prepared,9,30,8343
786,Bar Special K,5,15,4833
787,Bar Energy Chocchip,3,5,2633
788,Beer - Maudite,2,11,5960
789,Mushroom - Lg - Cello,9,24,3788
790,Lotus Rootlets - Canned,6,1,8698
791,Cup Translucent 9 Oz,4,30,2176
792,Ice Cream Bar - Hagen Daz,3,5,1296
793,Table Cloth 91x91 Colour,9,21,6880
794,Bread Roll Foccacia,5,29,4555
795,Beans - Wax,2,20,2842
796,"Oil - Truffle, White",6,30,1906
797,Basil - Fresh,4,39,1604
798,Pear - Prickly,7,40,3686
799,Chicken - Bones,9,21,1533
800,Crackers - Trio,9,36,5895
801,Clams - Bay,6,44,5209
802,"Bread - White, Unsliced",4,27,1526
803,Foil Cont Round,8,15,5504
804,"Tart Shells - Sweet, 4",10,38,9055
805,Bread - Triangle White,5,40,5693
806,Cake - Night And Day Choclate,3,37,4240
807,Scallops 60/80 Iqf,1,45,9963
808,Bread - Assorted Rolls,7,43,9497
809,"Wine - Magnotta, White",2,45,4358
810,"Chicken - Leg, Fresh",9,21,7706
811,Versatainer Nc - 9388,1,37,9227
812,Petit Baguette,7,19,8093
813,Vinegar - Cider,7,20,9917
814,"Beef - Kindney, Whole",9,50,9394
815,Veal - Osso Bucco,1,30,3543
816,"Bread - Roll, Calabrese",1,47,9886
817,"Nut - Hazelnut, Whole",1,36,8257
818,Wine - Masi Valpolocell,5,20,5257
819,Seaweed Green Sheets,4,4,9217
820,Wine - Riesling Alsace Ac 2001,2,28,1822
821,Pectin,9,23,7540
822,Huck Towels White,2,17,8882
823,Bag Clear 10 Lb,6,30,5357
824,"Split Peas - Green, Dry",1,40,4293
825,Muffin Mix - Carrot,7,23,4849
826,Lamb - Shanks,4,33,9318
827,Containter - 3oz Microwave Rect.,3,33,2940
828,Ginger - Pickled,6,30,5217
829,Muffin Mix - Banana Nut,4,35,8338
830,Table Cloth 62x120 White,6,37,5651
831,Versatainer Nc - 8288,1,46,2467
832,Cake - Lemon Chiffon,1,7,5515
833,Nestea - Iced Tea,9,32,7830
834,Melon - Cantaloupe,8,13,8368
835,"Beans - Navy, Dry",6,24,8499
836,Lettuce - Boston Bib - Organic,3,42,6930
837,Mikes Hard Lemonade,3,15,8506
838,Bread - Dark Rye,8,16,6681
839,Steamers White,5,16,6421
840,"Bag - Bread, White, Plain",1,36,8366
841,Flour - Fast / Rapid,1,15,7471
842,Beef - Tender Tips,6,47,7989
843,Beans - Wax,7,26,2998
844,Milk - Buttermilk,6,23,9045
845,"Pasta - Shells, Medium, Dry",4,14,9459
846,Longos - Lasagna Veg,10,2,6633
847,Muffin Mix - Carrot,10,40,9070
848,Mix - Cocktail Ice Cream,3,12,6609
849,Wine - Gato Negro Cabernet,7,7,9523
850,Paper Towel Touchless,5,6,8889
851,Brandy Apricot,9,48,3983
852,Dikon,3,14,4781
853,Beer - Pilsner Urquell,1,30,3447
854,Sardines,5,23,2099
855,Milk - 2%,8,46,1980
856,Lettuce - Sea / Sea Asparagus,4,21,5984
857,Eel - Smoked,6,30,7450
858,Ice Cream Bar - Rolo Cone,10,24,2920
859,Oxtail - Cut,6,8,6564
860,"Stock - Veal, White",5,7,8043
861,Beef - Sushi Flat Iron Steak,7,6,6153
862,Juice - Orangina,9,18,7628
863,"Veal - Inside, Choice",2,29,7589
864,Bread - Raisin Walnut Oval,4,50,3040
865,Spice - Onion Powder Granulated,4,21,9122
866,Wine - Segura Viudas Aria Brut,10,3,2081
867,Wine - Red Oakridge Merlot,8,20,6037
868,Pear - Asian,5,16,3060
869,Steampan - Foil,9,42,2136
870,Veal - Loin,3,25,6377
871,"Pasta - Rotini, Dry",2,13,5621
872,Spice - Greek 1 Step,5,22,6432
873,Table Cloth 62x114 White,7,30,1654
874,Foil Wrap,6,45,8925
875,Oil - Olive,10,20,1713
876,Dried Peach,4,31,5129
877,Butter Sweet,6,40,8239
878,"Soup - Beef Conomme, Dry",9,19,1135
879,Rice Wine - Aji Mirin,9,34,7391
880,Pepper - Roasted Red,6,25,7443
881,Oil - Macadamia,8,7,9163
882,Sesame Seed,6,21,9675
883,Eggs - Extra Large,4,44,3764
884,"Vermouth - Sweet, Cinzano",6,33,7040
885,Smoked Paprika,8,49,4126
886,"Pork - Back, Long Cut, Boneless",7,5,9538
887,"Beans - Black Bean, Preserved",7,25,1371
888,Pate - Cognac,1,36,3691
889,Bread - Wheat Baguette,1,38,5564
890,Longos - Greek Salad,9,2,6368
891,"Doilies - 12, Paper",3,12,7800
892,Glass Clear 8 Oz,9,22,4248
893,Onions - Red Pearl,7,7,9471
894,Pear - Halves,4,49,7611
895,Watercress,8,12,8138
896,Chocolate Bar - Reese Pieces,8,15,4994
897,"Pasta - Fett Alfredo, Single Serve",8,36,9459
898,Soupfoamcont12oz 112con,1,32,1796
899,Pickerel - Fillets,1,38,5960
900,Beef - Flank Steak,10,1,6572
901,"Pepsi - Diet, 355 Ml",3,25,5385
902,Tomatoes - Orange,4,44,9636
903,Wine - Rioja Campo Viejo,4,15,2038
904,Kumquat,6,3,8357
905,Kahlua,3,13,5512
906,Scallop - St. Jaques,9,13,1200
907,Tea - Black Currant,9,36,1170
908,"Cheese - Mozzarella, Buffalo",6,24,8175
909,Butter - Pod,7,47,1135
910,Chocolate - Liqueur Cups With Foil,6,16,7352
911,Appetizer - Assorted Box,10,30,5365
912,Wine - Chardonnay Mondavi,1,35,3430
913,"Noodles - Cellophane, Thin",8,10,7099
914,Tomatoes Tear Drop,2,24,6713
915,"Nut - Hazelnut, Ground, Natural",6,20,3469
916,Muffin - Mix - Mango Sour Cherry,10,7,7009
917,Taro Leaves,3,23,8981
918,Snails - Large Canned,7,47,8071
919,Veal - Heart,5,48,3021
920,Cleaner - Bleach,8,25,9718
921,Apple - Macintosh,7,33,3972
922,Pork - Side Ribs,8,46,7344
923,Table Cloth 90x90 White,3,11,9323
924,Crackers - Water,9,5,3887
925,Sprouts - Corn,6,29,8912
926,"Club Soda - Schweppes, 355 Ml",6,38,9127
927,Cheese - St. Andre,8,9,7211
928,Lambcasing,9,22,8680
929,Table Cloth 120 Round White,9,26,9149
930,Laundry - Bag Cloth,3,44,5935
931,Cookie Dough - Double,2,36,8798
932,Shrimp - 150 - 250,2,19,5995
933,Wine - Masi Valpolocell,9,9,6333
934,Cabbage - Savoy,1,8,2836
935,Wine - Saint Emilion Calvet,7,18,9656
936,Bread Sour Rolls,7,8,6687
937,Blackberries,10,17,8044
938,Wine - Alicanca Vinho Verde,9,15,3690
939,"Asparagus - Green, Fresh",7,13,1221
940,Wine - Puligny Montrachet A.,7,46,9980
941,Amaretto,8,28,5443
942,Juice - Propel Sport,4,48,7654
943,"Pepper - White, Ground",6,32,8198
944,Cheese - Sheep Milk,6,24,6517
945,Vinegar - White,1,36,7578
946,Apple - Northern Spy,4,42,7095
947,Wild Boar - Tenderloin,2,25,2998
948,Flour - Strong,10,13,1451
949,Spice - Greek 1 Step,8,2,5375
950,Lobster - Canned Premium,8,40,6073
951,Butter Ripple - Phillips,7,44,5412
952,Sauce - Vodka Blush,1,42,1776
953,Chocolate - Liqueur Cups With Foil,8,31,8107
954,Bread Ww Cluster,7,46,9898
955,"Pail - 15l White, With Handle",2,34,8421
956,Beef - Top Sirloin - Aaa,7,15,3280
957,Pork - Backfat,4,3,6949
958,Pecan Raisin - Tarts,5,23,1998
959,Ginger - Ground,10,29,2418
960,General Purpose Trigger,2,4,5844
961,Truffle Shells - Semi - Sweet,4,13,7397
962,Peach - Halves,3,10,1174
963,Raspberries - Fresh,2,46,2527
964,Pate Pans Yellow,2,25,3357
965,"Wine - Red, Colio Cabernet",3,46,6692
966,Coriander - Ground,10,36,7731
967,Wine - Jafflin Bourgongone,2,17,1212
968,"Gingerale - Schweppes, 355 Ml",3,28,8782
969,Cherries - Frozen,7,17,5012
970,Currants,1,49,1063
971,"Vodka - Lemon, Absolut",8,11,8883
972,Appetizer - Veg Assortment,4,33,6546
973,Yoghurt Tubes,3,27,5113
974,Appetizer - Veg Assortment,2,11,8279
975,Icecream - Dibs,3,5,9609
976,Wine - Zonnebloem Pinotage,6,32,8372
977,"Chocolate - Semi Sweet, Calets",2,38,9998
978,Calypso - Pineapple Passion,6,9,2499
979,Flax Seed,7,14,5229
980,Fond - Neutral,4,20,4212
981,"Beans - Black Bean, Preserved",3,40,6983
982,"Pasta - Fettuccine, Dry",5,20,7904
983,Island Oasis - Mango Daiquiri,6,36,6946
984,Foil Wrap,10,26,2371
985,"Lamb - Shoulder, Boneless",6,24,7589
986,Chicken - Wieners,4,4,8728
987,Alize Gold Passion,2,1,1006
988,Nantucket - Pomegranate Pear,6,7,9942
989,Tia Maria,3,50,4304
990,"Pasta - Penne, Rigate, Dry",3,16,8867
991,Apples - Spartan,10,4,5561
992,Soup - Campbells,6,34,9222
993,Cookie Dough - Double,1,12,2779
994,Banana Turning,6,31,9933
995,Blackberries,1,37,2767
996,"Veal - Chops, Split, Frenched",8,26,2261
997,Chutney Sauce,5,43,8699
998,Meldea Green Tea Liquor,6,28,3994
999,Asparagus - Mexican,10,9,3003
1000,Eggwhite Frozen,9,15,8083
